flower_photos\sunflowers\1022552036_67d33d5bd8_n.jpg	sunflowers	training
flower_photos\sunflowers\10386503264_e05387e1f7_m.jpg	sunflowers	training
flower_photos\sunflowers\10386522775_4f8c616999_m.jpg	sunflowers	training
flower_photos\sunflowers\10386525005_fd0b7d6c55_n.jpg	sunflowers	training
flower_photos\sunflowers\10386525695_2c38fea555_n.jpg	sunflowers	validation
flower_photos\sunflowers\10386540106_1431e73086_m.jpg	sunflowers	testing
flower_photos\sunflowers\10386540696_0a95ee53a8_n.jpg	sunflowers	testing
flower_photos\sunflowers\10386702973_e74a34c806_n.jpg	sunflowers	testing
flower_photos\sunflowers\1044296388_912143e1d4.jpg	sunflowers	testing
flower_photos\sunflowers\10862313945_e8ed9202d9_m.jpg	sunflowers	testing
flower_photos\sunflowers\1217254584_4b3028b93d.jpg	sunflowers	testing
flower_photos\sunflowers\12282924083_fb80aa17d4_n.jpg	sunflowers	testing
flower_photos\sunflowers\1240624822_4111dde542.jpg	sunflowers	testing
flower_photos\sunflowers\1240625276_fb3bd0c7b1.jpg	sunflowers	testing
flower_photos\sunflowers\1240626292_52cd5d7fb1_m.jpg	sunflowers	testing
flower_photos\sunflowers\1244774242_25a20d99a9.jpg	sunflowers	testing
flower_photos\sunflowers\12471290635_1f9e3aae16_n.jpg	sunflowers	testing
flower_photos\sunflowers\12471441503_d188b5f31a_m.jpg	sunflowers	testing
flower_photos\sunflowers\12471443383_b71e7a7480_m.jpg	sunflowers	testing
flower_photos\sunflowers\12471791574_bb1be83df4.jpg	sunflowers	testing
flower_photos\sunflowers\1267876087_a1b3c63dc9.jpg	sunflowers	testing
flower_photos\sunflowers\127192624_afa3d9cb84.jpg	sunflowers	testing
flower_photos\sunflowers\13095941995_9a66faa713_n.jpg	sunflowers	testing
flower_photos\sunflowers\13096076565_72c2c60875_n.jpg	sunflowers	testing
flower_photos\sunflowers\13354458753_7b586f7c95_n.jpg	sunflowers	testing
flower_photos\sunflowers\13648603305_1268eda8b7_n.jpg	sunflowers	testing
flower_photos\sunflowers\13959937305_2f5c532886_n.jpg	sunflowers	testing
flower_photos\sunflowers\14121915990_4b76718077_m.jpg	sunflowers	testing
flower_photos\sunflowers\14144522269_bc20029375_m.jpg	sunflowers	testing
flower_photos\sunflowers\1419608016_707b887337_n.jpg	sunflowers	testing
flower_photos\sunflowers\14244273988_a7484f18b7_m.jpg	sunflowers	testing
flower_photos\sunflowers\14244410747_22691ece4a_n.jpg	sunflowers	testing
flower_photos\sunflowers\14266917699_91b207888e.jpg	sunflowers	testing
flower_photos\sunflowers\14348961225_09bd803317_n.jpg	sunflowers	testing
flower_photos\sunflowers\14397276020_49f9423614.jpg	sunflowers	testing
flower_photos\sunflowers\14460075029_5cd715bb72_m.jpg	sunflowers	testing
flower_photos\sunflowers\14460081668_eda8795693_m.jpg	sunflowers	testing
flower_photos\sunflowers\14472246629_72373111e6_m.jpg	sunflowers	testing
flower_photos\sunflowers\145303599_2627e23815_n.jpg	sunflowers	testing
flower_photos\sunflowers\14623719696_1bb7970208_n.jpg	sunflowers	testing
flower_photos\sunflowers\14623720226_aeeac66e0a_n.jpg	sunflowers	testing
flower_photos\sunflowers\14646280372_dd50be16e4_n.jpg	sunflowers	testing
flower_photos\sunflowers\14646283472_50a3ae1395.jpg	sunflowers	testing
flower_photos\sunflowers\14678298676_6db8831ee6_m.jpg	sunflowers	testing
flower_photos\sunflowers\14698136411_23bdcff7bf_n.jpg	sunflowers	testing
flower_photos\sunflowers\14741813010_5d44e33088_n.jpg	sunflowers	testing
flower_photos\sunflowers\14741813110_94964c39e2_n.jpg	sunflowers	testing
flower_photos\sunflowers\14741907467_fab96f3b2b_n.jpg	sunflowers	testing
flower_photos\sunflowers\147804446_ef9244c8ce_m.jpg	sunflowers	testing
flower_photos\sunflowers\14814264272_4b39a102f9_n.jpg	sunflowers	testing
flower_photos\sunflowers\1484598527_579a272f53.jpg	sunflowers	testing
flower_photos\sunflowers\1485456230_58d8e45e88.jpg	sunflowers	testing
flower_photos\sunflowers\14881304632_54a9dfb8be.jpg	sunflowers	testing
flower_photos\sunflowers\14889392928_9742aed45b_m.jpg	sunflowers	testing
flower_photos\sunflowers\14889779907_3d401bbac7_m.jpg	sunflowers	testing
flower_photos\sunflowers\14921668662_3ffc5b9db3_n.jpg	sunflowers	testing
flower_photos\sunflowers\14925397351_c7f209d804_n.jpg	sunflowers	testing
flower_photos\sunflowers\14925397651_97dcddc383_n.jpg	sunflowers	testing
flower_photos\sunflowers\14925398441_107f3e0304_n.jpg	sunflowers	testing
flower_photos\sunflowers\14928117202_139d2142cc_n.jpg	sunflowers	testing
flower_photos\sunflowers\14969295739_c132a08663_n.jpg	sunflowers	testing
flower_photos\sunflowers\15026703621_e15e9d55f0_n.jpg	sunflowers	testing
flower_photos\sunflowers\15030133005_9728102622_z.jpg	sunflowers	testing
flower_photos\sunflowers\15042911059_b6153d94e7_n.jpg	sunflowers	testing
flower_photos\sunflowers\15043962658_dcf9dff5e9_n.jpg	sunflowers	testing
flower_photos\sunflowers\15054751430_5af76f6096_n.jpg	sunflowers	testing
flower_photos\sunflowers\15054864508_0334b892be_m.jpg	sunflowers	testing
flower_photos\sunflowers\15054865217_e398d0dc9f_n.jpg	sunflowers	testing
flower_photos\sunflowers\15054866898_60ee50ec6b_n.jpg	sunflowers	testing
flower_photos\sunflowers\15066430311_fb57fa92b0_m.jpg	sunflowers	testing
flower_photos\sunflowers\15072973261_73e2912ef2_n.jpg	sunflowers	testing
flower_photos\sunflowers\15118397087_bfb7ea70d5_n.jpg	sunflowers	testing
flower_photos\sunflowers\15122112402_cafa41934f.jpg	sunflowers	testing
flower_photos\sunflowers\15122871130_6a7d0b4372_n.jpg	sunflowers	testing
flower_photos\sunflowers\15123604714_dd034a4a3b_n.jpg	sunflowers	testing
flower_photos\sunflowers\151898652_b5f1c70b98_n.jpg	sunflowers	testing
flower_photos\sunflowers\15191613243_82ee8e0fe8.jpg	sunflowers	testing
flower_photos\sunflowers\15207507116_8b7f894508_m.jpg	sunflowers	testing
flower_photos\sunflowers\15218421476_9d5f38e732_m.jpg	sunflowers	testing
flower_photos\sunflowers\15238348741_c2fb12ecf2_m.jpg	sunflowers	testing
flower_photos\sunflowers\15241052342_466b38b68d.jpg	sunflowers	testing
flower_photos\sunflowers\15241431045_65201cf15a_n.jpg	sunflowers	testing
flower_photos\sunflowers\15266715291_dfa3f1d49f_n.jpg	sunflowers	testing
flower_photos\sunflowers\15380755137_a2e67839ab_m.jpg	sunflowers	testing
flower_photos\sunflowers\15472217046_2699b25584.jpg	sunflowers	testing
flower_photos\sunflowers\15495578821_92c6d14252_n.jpg	sunflowers	testing
flower_photos\sunflowers\15495579081_661cb260d1_n.jpg	sunflowers	testing
flower_photos\sunflowers\15683877266_42e0fe3782_n.jpg	sunflowers	testing
flower_photos\sunflowers\15745084272_36402f5ee6_n.jpg	sunflowers	testing
flower_photos\sunflowers\15839183375_49bf4f75e8_m.jpg	sunflowers	testing
flower_photos\sunflowers\1596293240_2d5b53495a_m.jpg	sunflowers	testing
flower_photos\sunflowers\15973657966_d6f6005539_n.jpg	sunflowers	testing
flower_photos\sunflowers\16143151468_4f3c033e33.jpg	sunflowers	testing
flower_photos\sunflowers\164670176_9f5b9c7965.jpg	sunflowers	testing
flower_photos\sunflowers\164671753_ab36d9cbb7_n.jpg	sunflowers	testing
flower_photos\sunflowers\164672339_f2b5b164f6.jpg	sunflowers	testing
flower_photos\sunflowers\16616096711_12375a0260_n.jpg	sunflowers	testing
flower_photos\sunflowers\16832961488_5f7e70eb5e_n.jpg	sunflowers	testing
flower_photos\sunflowers\16967372357_15b1b9a812_n.jpg	sunflowers	testing
flower_photos\sunflowers\16975010069_7afd290657_m.jpg	sunflowers	testing
flower_photos\sunflowers\16988605969_570329ff20_n.jpg	sunflowers	testing
flower_photos\sunflowers\17148843706_df148301ac_n.jpg	sunflowers	testing
flower_photos\sunflowers\1715303025_e7065327e2.jpg	sunflowers	testing
flower_photos\sunflowers\17433282043_441b0a07f4_n.jpg	sunflowers	testing
flower_photos\sunflowers\175638423_058c07afb9.jpg	sunflowers	testing
flower_photos\sunflowers\1788133737_b1133d1aa7.jpg	sunflowers	testing
flower_photos\sunflowers\18097401209_910a46fae1_n.jpg	sunflowers	testing
flower_photos\sunflowers\18237156988_9ceb46a8de_n.jpg	sunflowers	testing
flower_photos\sunflowers\18237215308_a158d49f28_n.jpg	sunflowers	testing
flower_photos\sunflowers\18250039435_7654bc11be_n.jpg	sunflowers	testing
flower_photos\sunflowers\184682095_46f8607278.jpg	sunflowers	testing
flower_photos\sunflowers\184682320_73ccf74710.jpg	sunflowers	testing
flower_photos\sunflowers\184682506_8a9b8c662d.jpg	sunflowers	testing
flower_photos\sunflowers\184682652_c927a49226_m.jpg	sunflowers	testing
flower_photos\sunflowers\184682920_97ae41ce60_m.jpg	sunflowers	testing
flower_photos\sunflowers\184683023_737fec5b18.jpg	sunflowers	testing
flower_photos\sunflowers\18766965343_9f42d4bedc_m.jpg	sunflowers	testing
flower_photos\sunflowers\1880606744_23e3dc4f6b_n.jpg	sunflowers	testing
flower_photos\sunflowers\18828277053_1493158b28.jpg	sunflowers	testing
flower_photos\sunflowers\18828283553_e46504ae38.jpg	sunflowers	testing
flower_photos\sunflowers\18843967474_9cb552716b.jpg	sunflowers	testing
flower_photos\sunflowers\18972803569_1a0634f398_m.jpg	sunflowers	testing
flower_photos\sunflowers\193874852_fb633d8d00_n.jpg	sunflowers	testing
flower_photos\sunflowers\193878348_43571127b9_n.jpg	sunflowers	testing
flower_photos\sunflowers\19442589512_e733cfea0f.jpg	sunflowers	testing
flower_photos\sunflowers\19453165201_2aa747e0bf.jpg	sunflowers	testing
flower_photos\sunflowers\19519101829_46af0b4547_m.jpg	sunflowers	testing
flower_photos\sunflowers\19595718862_c68896370c_m.jpg	sunflowers	testing
flower_photos\sunflowers\19697910486_0086d893a2.jpg	sunflowers	testing
flower_photos\sunflowers\197011740_21825de2bf.jpg	sunflowers	testing
flower_photos\sunflowers\19710076021_f5bb162540.jpg	sunflowers	testing
flower_photos\sunflowers\19710925313_31682fa22b_m.jpg	sunflowers	testing
flower_photos\sunflowers\19756232959_17cde3b9f0_m.jpg	sunflowers	testing
flower_photos\sunflowers\19784656639_cd7f0a4a26_m.jpg	sunflowers	testing
flower_photos\sunflowers\19915160340_ec904edbdf_n.jpg	sunflowers	testing
flower_photos\sunflowers\200011914_93f57ed68b.jpg	sunflowers	testing
flower_photos\sunflowers\20022771089_3cc7e5086d_m.jpg	sunflowers	testing
flower_photos\sunflowers\200288046_0032f322ff_n.jpg	sunflowers	testing
flower_photos\sunflowers\200557977_bf24d9550b.jpg	sunflowers	testing
flower_photos\sunflowers\200557981_f800fa1af9.jpg	sunflowers	testing
flower_photos\sunflowers\20078409301_aa8061bd0b_n.jpg	sunflowers	testing
flower_photos\sunflowers\20171662239_f69b6c12bd_n.jpg	sunflowers	testing
flower_photos\sunflowers\201809908_0ef84bb351.jpg	sunflowers	testing
flower_photos\sunflowers\20183028616_beb937e75c_m.jpg	sunflowers	testing
flower_photos\sunflowers\20183071136_c297e74fcc_m.jpg	sunflowers	testing
flower_photos\sunflowers\20258015499_93b9951800_m.jpg	sunflowers	testing
flower_photos\sunflowers\20342824594_9740b7b160.jpg	sunflowers	testing
flower_photos\sunflowers\20344282483_05abb0b837.jpg	sunflowers	testing
flower_photos\sunflowers\20344366953_44fb51051b.jpg	sunflowers	testing
flower_photos\sunflowers\20406385204_469f6749e2_n.jpg	sunflowers	testing
flower_photos\sunflowers\20407896403_a50fef58ac_n.jpg	sunflowers	testing
flower_photos\sunflowers\20410533613_56da1cce7c.jpg	sunflowers	testing
flower_photos\sunflowers\20410697750_c43973d1eb.jpg	sunflowers	testing
flower_photos\sunflowers\20621698991_dcb323911d.jpg	sunflowers	testing
flower_photos\sunflowers\20658775992_1619cd0a9b_n.jpg	sunflowers	testing
flower_photos\sunflowers\20667988875_6e73ac2879_n.jpg	sunflowers	testing
flower_photos\sunflowers\2067882323_8de6623ffd.jpg	sunflowers	testing
flower_photos\sunflowers\20704967595_a9c9b8d431.jpg	sunflowers	testing
flower_photos\sunflowers\20753711039_0b11d24b50_n.jpg	sunflowers	testing
flower_photos\sunflowers\20777358950_c63ea569a1.jpg	sunflowers	testing
flower_photos\sunflowers\20871601265_daa4be4291_n.jpg	sunflowers	testing
flower_photos\sunflowers\20905163782_312e2c3bda_n.jpg	sunflowers	testing
flower_photos\sunflowers\20965412955_2c640b13bd.jpg	sunflowers	testing
flower_photos\sunflowers\20972862281_5367f4af88.jpg	sunflowers	testing
flower_photos\sunflowers\20972866151_e6a928b00a.jpg	sunflowers	testing
flower_photos\sunflowers\21349789961_18ba1af5b7_n.jpg	sunflowers	testing
flower_photos\sunflowers\21374127408_5ffbe87bb2.jpg	sunflowers	testing
flower_photos\sunflowers\21518663809_3d69f5b995_n.jpg	sunflowers	testing
flower_photos\sunflowers\215798352_184d8040d1.jpg	sunflowers	testing
flower_photos\sunflowers\215798354_429de28c2d.jpg	sunflowers	testing
flower_photos\sunflowers\215798357_3f4bfa27b7.jpg	sunflowers	testing
flower_photos\sunflowers\21728822928_9f6817325a_n.jpg	sunflowers	testing
flower_photos\sunflowers\21796333524_38fc8e0ab5_n.jpg	sunflowers	testing
flower_photos\sunflowers\21821266773_7113d34c35_m.jpg	sunflowers	testing
flower_photos\sunflowers\21984860006_20dfacea1c_m.jpg	sunflowers	testing
flower_photos\sunflowers\21995435890_e5672244a4_m.jpg	sunflowers	testing
flower_photos\sunflowers\22183521655_56221bf2a4_n.jpg	sunflowers	testing
flower_photos\sunflowers\22203670478_9ec5c2700b_n.jpg	sunflowers	testing
flower_photos\sunflowers\22255608949_172d7c8d22_m.jpg	sunflowers	testing
flower_photos\sunflowers\22405882322_d4561f8469_n.jpg	sunflowers	testing
flower_photos\sunflowers\22405887122_75eda1872f_m.jpg	sunflowers	testing
flower_photos\sunflowers\22416421196_caf131c9fa_m.jpg	sunflowers	testing
flower_photos\sunflowers\22419079265_8902cddb7d_n.jpg	sunflowers	testing
flower_photos\sunflowers\22429146402_332fa2fc72_m.jpg	sunflowers	testing
flower_photos\sunflowers\22429946721_e17a12cb39_n.jpg	sunflowers	testing
flower_photos\sunflowers\22478719251_276cb094f9_n.jpg	sunflowers	testing
flower_photos\sunflowers\22686342422_c0b9e2f38e.jpg	sunflowers	testing
flower_photos\sunflowers\22755811033_cd17b109e0.jpg	sunflowers	testing
flower_photos\sunflowers\22992257000_76dbc599e7_m.jpg	sunflowers	testing
flower_photos\sunflowers\23204123212_ef32fbafbe.jpg	sunflowers	testing
flower_photos\sunflowers\23247483352_0defc7a6dc_n.jpg	sunflowers	testing
flower_photos\sunflowers\2328600790_90e2942557_n.jpg	sunflowers	testing
flower_photos\sunflowers\23286304156_3635f7de05.jpg	sunflowers	testing
flower_photos\sunflowers\23356825566_f5885875f2.jpg	sunflowers	testing
flower_photos\sunflowers\235651658_a7b3e7cbdd.jpg	sunflowers	testing
flower_photos\sunflowers\23645265812_24352ff6bf.jpg	sunflowers	testing
flower_photos\sunflowers\23894449029_bf0f34d35d_n.jpg	sunflowers	testing
flower_photos\sunflowers\2443095419_17b920d155_m.jpg	sunflowers	testing
flower_photos\sunflowers\2443921986_d4582c123a.jpg	sunflowers	testing
flower_photos\sunflowers\24459548_27a783feda.jpg	sunflowers	testing
flower_photos\sunflowers\253586685_ee5b5f5232.jpg	sunflowers	testing
flower_photos\sunflowers\2575272111_f04d79b9af_n.jpg	sunflowers	testing
flower_photos\sunflowers\2588234269_c4bfd0d8b9_n.jpg	sunflowers	testing
flower_photos\sunflowers\2598973480_07de93e91d_n.jpg	sunflowers	testing
flower_photos\sunflowers\26254755_1bfc494ef1_n.jpg	sunflowers	testing
flower_photos\sunflowers\265422922_bbbde781d2_m.jpg	sunflowers	testing
flower_photos\sunflowers\265450085_6e9f276e2e.jpg	sunflowers	testing
flower_photos\sunflowers\2678588376_6ca64a4a54_n.jpg	sunflowers	testing
flower_photos\sunflowers\2689228449_e0be72cf00_n.jpg	sunflowers	testing
flower_photos\sunflowers\2697194548_ec8f8de97c_n.jpg	sunflowers	testing
flower_photos\sunflowers\2706736074_b0fba20b3e.jpg	sunflowers	testing
flower_photos\sunflowers\2720698862_486d3ec079_m.jpg	sunflowers	testing
flower_photos\sunflowers\2721638730_34a9b7a78b.jpg	sunflowers	testing
flower_photos\sunflowers\2723995667_31f32294b4.jpg	sunflowers	testing
flower_photos\sunflowers\2729206569_9dd2b5a3ed.jpg	sunflowers	testing
flower_photos\sunflowers\2733109082_1351f6738a_n.jpg	sunflowers	testing
flower_photos\sunflowers\27465811_9477c9d044.jpg	sunflowers	testing
flower_photos\sunflowers\274846229_990e976683_n.jpg	sunflowers	testing
flower_photos\sunflowers\274848710_5185cf33b1_n.jpg	sunflowers	testing
flower_photos\sunflowers\2759796022_55bd47bfa2_n.jpg	sunflowers	testing
flower_photos\sunflowers\2767658405_1e2043f44c_n.jpg	sunflowers	testing
flower_photos\sunflowers\2767688889_b176b0c3fb.jpg	sunflowers	testing
flower_photos\sunflowers\2803725948_5fd1f2fc99_n.jpg	sunflowers	testing
flower_photos\sunflowers\2807106374_f422b5f00c.jpg	sunflowers	testing
flower_photos\sunflowers\2816256710_a2d3616fae.jpg	sunflowers	testing
flower_photos\sunflowers\2816503473_580306e772.jpg	sunflowers	testing
flower_photos\sunflowers\2823659190_afdabee45c.jpg	sunflowers	testing
flower_photos\sunflowers\2883115621_4837267ea1_m.jpg	sunflowers	testing
flower_photos\sunflowers\2894191705_a1d2d80c80.jpg	sunflowers	testing
flower_photos\sunflowers\2927020075_54c9186797_n.jpg	sunflowers	testing
flower_photos\sunflowers\2940221732_3507f3e927_n.jpg	sunflowers	testing
flower_photos\sunflowers\2960610406_b61930727f_n.jpg	sunflowers	testing
flower_photos\sunflowers\2979133707_84aab35b5d.jpg	sunflowers	testing
flower_photos\sunflowers\2979297519_17a08b37f6_m.jpg	sunflowers	testing
flower_photos\sunflowers\2980154410_bffd7a3452_n.jpg	sunflowers	testing
flower_photos\sunflowers\29972905_4cc537ff4b_n.jpg	sunflowers	testing
flower_photos\sunflowers\3001531316_efae24d37d_n.jpg	sunflowers	testing
flower_photos\sunflowers\3001533700_1c62fb8b4a_n.jpg	sunflowers	testing
flower_photos\sunflowers\3001536784_3bfd101b23_n.jpg	sunflowers	testing
flower_photos\sunflowers\310380634_60e6c79989.jpg	sunflowers	testing
flower_photos\sunflowers\3146795631_d062f233c1.jpg	sunflowers	testing
flower_photos\sunflowers\3154932290_4bf43bd34f_n.jpg	sunflowers	testing
flower_photos\sunflowers\3334350831_f8755a2095_n.jpg	sunflowers	testing
flower_photos\sunflowers\3466923719_b4b6df7f8b_n.jpg	sunflowers	testing
flower_photos\sunflowers\3514340206_efb8198a80_n.jpg	sunflowers	testing
flower_photos\sunflowers\35477171_13cb52115c_n.jpg	sunflowers	testing
flower_photos\sunflowers\3568114325_d6b1363497.jpg	sunflowers	testing
flower_photos\sunflowers\3568925290_faf7aec3a0.jpg	sunflowers	testing
flower_photos\sunflowers\3575811488_a31714472a.jpg	sunflowers	testing
flower_photos\sunflowers\3594967811_697184b026_n.jpg	sunflowers	testing
flower_photos\sunflowers\3596902268_049e33a2cb_n.jpg	sunflowers	testing
flower_photos\sunflowers\3665455426_9cd1c3af4a_n.jpg	sunflowers	testing
flower_photos\sunflowers\3681233294_4f06cd8903.jpg	sunflowers	testing
flower_photos\sunflowers\3683873444_be4a609c46.jpg	sunflowers	testing
flower_photos\sunflowers\3731075939_6c92d7fe68_m.jpg	sunflowers	testing
flower_photos\sunflowers\3734999477_7f454081aa_n.jpg	sunflowers	testing
flower_photos\sunflowers\3749090865_b90f28a585_n.jpg	sunflowers	testing
flower_photos\sunflowers\3749091071_c146b33c74_n.jpg	sunflowers	testing
flower_photos\sunflowers\3766264038_ea701c7131_n.jpg	sunflowers	testing
flower_photos\sunflowers\3784815653_5df39aa9c2_m.jpg	sunflowers	testing
flower_photos\sunflowers\3815322974_52c12dbde3.jpg	sunflowers	testing
flower_photos\sunflowers\3832945398_96509d192b.jpg	sunflowers	testing
flower_photos\sunflowers\3846717708_ea11383ed8.jpg	sunflowers	testing
flower_photos\sunflowers\3846907701_e13b66aa87.jpg	sunflowers	testing
flower_photos\sunflowers\3858508462_db2b9692d1.jpg	sunflowers	testing
flower_photos\sunflowers\3865206264_5d81584bba.jpg	sunflowers	testing
flower_photos\sunflowers\3893436870_034b79d118_n.jpg	sunflowers	testing
flower_photos\sunflowers\3894586562_5dbbdc4354_n.jpg	sunflowers	testing
flower_photos\sunflowers\3912497870_a2f91c3a65_n.jpg	sunflowers	testing
flower_photos\sunflowers\3912497888_e7a5905bc3_n.jpg	sunflowers	testing
flower_photos\sunflowers\3922005347_7b6fb82fcd.jpg	sunflowers	testing
flower_photos\sunflowers\39271782_b4335d09ae_n.jpg	sunflowers	testing
flower_photos\sunflowers\3950020811_dab89bebc0_n.jpg	sunflowers	testing
flower_photos\sunflowers\3951246342_930138610b_n.jpg	sunflowers	testing
flower_photos\sunflowers\4019748730_ee09b39a43.jpg	sunflowers	testing
flower_photos\sunflowers\40410686_272bc66faf_m.jpg	sunflowers	testing
flower_photos\sunflowers\40410814_fba3837226_n.jpg	sunflowers	testing
flower_photos\sunflowers\4042816698_578a1d599e.jpg	sunflowers	testing
flower_photos\sunflowers\4160805260_cf758daeae_n.jpg	sunflowers	testing
flower_photos\sunflowers\417251603_69f0ee57a9_m.jpg	sunflowers	testing
flower_photos\sunflowers\418056361_1dfac1c151_n.jpg	sunflowers	testing
flower_photos\sunflowers\4186808407_06688641e2_n.jpg	sunflowers	testing
flower_photos\sunflowers\4191299785_a4faca9b74_n.jpg	sunflowers	testing
flower_photos\sunflowers\4235259239_21f2eb4f2e.jpg	sunflowers	testing
flower_photos\sunflowers\4271193206_666ef60aa0_m.jpg	sunflowers	testing
flower_photos\sunflowers\4341530649_c17bbc5d01.jpg	sunflowers	testing
flower_photos\sunflowers\4398771472_44f2a0c162_n.jpg	sunflowers	testing
flower_photos\sunflowers\44079668_34dfee3da1_n.jpg	sunflowers	testing
flower_photos\sunflowers\4414080766_5116e8084e.jpg	sunflowers	testing
flower_photos\sunflowers\4414083164_3f285f8ac5.jpg	sunflowers	testing
flower_photos\sunflowers\4414084638_03d2db38ae.jpg	sunflowers	testing
flower_photos\sunflowers\4489516263_e49fe82637_n.jpg	sunflowers	testing
flower_photos\sunflowers\45045003_30bbd0a142_m.jpg	sunflowers	testing
flower_photos\sunflowers\4623843480_23e3fb8dcc_n.jpg	sunflowers	testing
flower_photos\sunflowers\4625255191_26e17a28c9_n.jpg	sunflowers	testing
flower_photos\sunflowers\4664737020_b4c61aacd3_n.jpg	sunflowers	testing
flower_photos\sunflowers\4664767140_fe01231322_n.jpg	sunflowers	testing
flower_photos\sunflowers\4673984698_6ec14d5b79.jpg	sunflowers	testing
flower_photos\sunflowers\4689061249_6498da5013.jpg	sunflowers	testing
flower_photos\sunflowers\4745985619_249078cafa_n.jpg	sunflowers	testing
flower_photos\sunflowers\4746638094_f5336788a0_n.jpg	sunflowers	testing
flower_photos\sunflowers\4746643626_02b2d056a2_n.jpg	sunflowers	testing
flower_photos\sunflowers\4746648726_e37a2de16d_n.jpg	sunflowers	testing
flower_photos\sunflowers\4746668678_0e2693b1b9_n.jpg	sunflowers	testing
flower_photos\sunflowers\4755075329_1fccc69d4e.jpg	sunflowers	testing
flower_photos\sunflowers\4755705724_976621a1e7.jpg	sunflowers	testing
flower_photos\sunflowers\4804434999_bf2187e96a_n.jpg	sunflowers	testing
flower_photos\sunflowers\4805544785_a63241f6d0_n.jpg	sunflowers	testing
flower_photos\sunflowers\4806174512_e04475b766_n.jpg	sunflowers	testing
flower_photos\sunflowers\4813483281_f3707a71e7_n.jpg	sunflowers	testing
flower_photos\sunflowers\4814106562_7c3564d2d9_n.jpg	sunflowers	testing
flower_photos\sunflowers\4816636411_0135bfe2c9_n.jpg	sunflowers	testing
flower_photos\sunflowers\4818994715_9d90527d18_n.jpg	sunflowers	testing
flower_photos\sunflowers\4821232343_7e0bcfbfdf_n.jpg	sunflowers	testing
flower_photos\sunflowers\4831577091_f56157a5d5_n.jpg	sunflowers	testing
flower_photos\sunflowers\4846786944_2832c5c8b8.jpg	sunflowers	testing
flower_photos\sunflowers\4847062576_bae870479c_n.jpg	sunflowers	testing
flower_photos\sunflowers\4848279231_c4960e28b2_n.jpg	sunflowers	testing
flower_photos\sunflowers\4868595281_1e58083785.jpg	sunflowers	testing
flower_photos\sunflowers\4869189730_f47c124cda_n.jpg	sunflowers	testing
flower_photos\sunflowers\4871455214_8b5fb87ab6_n.jpg	sunflowers	testing
flower_photos\sunflowers\4872892690_52dc25b0b4.jpg	sunflowers	testing
flower_photos\sunflowers\4877195645_791c3a83b9_m.jpg	sunflowers	testing
flower_photos\sunflowers\4878447831_e904c60cf8_n.jpg	sunflowers	testing
flower_photos\sunflowers\4890268276_563f40a193.jpg	sunflowers	testing
flower_photos\sunflowers\4893660821_eb7f02bef3_n.jpg	sunflowers	testing
flower_photos\sunflowers\4895718876_0246882882_n.jpg	sunflowers	testing
flower_photos\sunflowers\4895719476_bd3b6bd6fd_n.jpg	sunflowers	testing
flower_photos\sunflowers\4895720722_8247f2015b_n.jpg	sunflowers	testing
flower_photos\sunflowers\4895721242_89014e723c_n.jpg	sunflowers	testing
flower_photos\sunflowers\4927658421_7eed83bc95_m.jpg	sunflowers	testing
flower_photos\sunflowers\4932144003_cbffc89bf0.jpg	sunflowers	testing
flower_photos\sunflowers\4932735566_2327bf319a.jpg	sunflowers	testing
flower_photos\sunflowers\4932736136_0115955987.jpg	sunflowers	testing
flower_photos\sunflowers\4932736308_827012cff2.jpg	sunflowers	testing
flower_photos\sunflowers\4933228903_9ae82d0b9d.jpg	sunflowers	testing
flower_photos\sunflowers\4933229095_f7e4218b28.jpg	sunflowers	testing
flower_photos\sunflowers\4933229197_ff75a40d55.jpg	sunflowers	testing
flower_photos\sunflowers\4933229479_c1708bd503.jpg	sunflowers	testing
flower_photos\sunflowers\4933229889_c5d9e36392.jpg	sunflowers	testing
flower_photos\sunflowers\4933230247_a0432f01da.jpg	sunflowers	testing
flower_photos\sunflowers\4933230395_7930697335_m.jpg	sunflowers	testing
flower_photos\sunflowers\4933230547_394f618009_m.jpg	sunflowers	testing
flower_photos\sunflowers\4933230991_d50c0f7c66.jpg	sunflowers	testing
flower_photos\sunflowers\4933821940_38064522a8.jpg	sunflowers	testing
flower_photos\sunflowers\4933822052_2dfef02517.jpg	sunflowers	testing
flower_photos\sunflowers\4933822272_79af205b94.jpg	sunflowers	testing
flower_photos\sunflowers\4933822422_4f54fc7cc8.jpg	sunflowers	testing
flower_photos\sunflowers\4933823300_39fd4420b6.jpg	sunflowers	testing
flower_photos\sunflowers\4933823922_911ac40b0d.jpg	sunflowers	testing
flower_photos\sunflowers\4933824130_b99839a80d.jpg	sunflowers	testing
flower_photos\sunflowers\4942258704_c4146b710a_n.jpg	sunflowers	testing
flower_photos\sunflowers\4977385375_e271e282f9.jpg	sunflowers	testing
flower_photos\sunflowers\4989952542_35f2cdd5e2_n.jpg	sunflowers	testing
flower_photos\sunflowers\5004121118_e9393e60d0_n.jpg	sunflowers	testing
flower_photos\sunflowers\5015462205_440898fe41_n.jpg	sunflowers	testing
flower_photos\sunflowers\5018120483_cc0421b176_m.jpg	sunflowers	testing
flower_photos\sunflowers\5020805135_1219d7523d.jpg	sunflowers	testing
flower_photos\sunflowers\5020805619_6c710793f7.jpg	sunflowers	testing
flower_photos\sunflowers\5025805406_033cb03475_n.jpg	sunflowers	testing
flower_photos\sunflowers\5027895361_ace3b731e5_n.jpg	sunflowers	testing
flower_photos\sunflowers\5028817729_f04d32bac8_n.jpg	sunflowers	testing
flower_photos\sunflowers\5032376020_2ed312306c.jpg	sunflowers	testing
flower_photos\sunflowers\5037531593_e2daf4c7f1.jpg	sunflowers	testing
flower_photos\sunflowers\5037790727_57c527494f.jpg	sunflowers	testing
flower_photos\sunflowers\5042785753_392cc4e74d_n.jpg	sunflowers	testing
flower_photos\sunflowers\5043404000_9bc16cb7e5_m.jpg	sunflowers	testing
flower_photos\sunflowers\5043409092_5b12cc985a_m.jpg	sunflowers	testing
flower_photos\sunflowers\5043409856_395300dbe5_m.jpg	sunflowers	testing
flower_photos\sunflowers\5067864967_19928ca94c_m.jpg	sunflowers	testing
flower_photos\sunflowers\5069564563_ae03792c3c_m.jpg	sunflowers	testing
flower_photos\sunflowers\5076821914_c21b58fd4c_m.jpg	sunflowers	testing
flower_photos\sunflowers\50987813_7484bfbcdf.jpg	sunflowers	testing
flower_photos\sunflowers\5139969631_743880e01d_n.jpg	sunflowers	testing
flower_photos\sunflowers\5139969871_c9046bdaa7_n.jpg	sunflowers	testing
flower_photos\sunflowers\5139971615_434ff8ed8b_n.jpg	sunflowers	testing
flower_photos\sunflowers\5139977283_530c508603_n.jpg	sunflowers	testing
flower_photos\sunflowers\5139977579_ea2dd6a322_m.jpg	sunflowers	testing
flower_photos\sunflowers\5223643767_d8beb7e410.jpg	sunflowers	testing
flower_photos\sunflowers\5293283002_9b17f085f7_m.jpg	sunflowers	testing
flower_photos\sunflowers\5357144886_b78f4782eb.jpg	sunflowers	testing
flower_photos\sunflowers\5492906452_80943bfd04.jpg	sunflowers	testing
flower_photos\sunflowers\5526324308_b333da0e57_n.jpg	sunflowers	testing
flower_photos\sunflowers\5556633113_0a04f5ed8a_n.jpg	sunflowers	testing
flower_photos\sunflowers\5738580862_e128192f75.jpg	sunflowers	testing
flower_photos\sunflowers\5830614551_e460a1215c.jpg	sunflowers	testing
flower_photos\sunflowers\58636535_bc53ef0a21_m.jpg	sunflowers	testing
flower_photos\sunflowers\5896354497_6a19162741.jpg	sunflowers	testing
flower_photos\sunflowers\5917253022_4e3142d48b_n.jpg	sunflowers	testing
flower_photos\sunflowers\5923085671_f81dd1cf6f.jpg	sunflowers	testing
flower_photos\sunflowers\5951665793_8ae4807cbd_n.jpg	sunflowers	testing
flower_photos\sunflowers\5952223760_85972671d6_n.jpg	sunflowers	testing
flower_photos\sunflowers\5955475577_3d923874d9_n.jpg	sunflowers	testing
flower_photos\sunflowers\5955500463_6c08cb199e.jpg	sunflowers	testing
flower_photos\sunflowers\5955501969_e42f038a6f_n.jpg	sunflowers	testing
flower_photos\sunflowers\5957007921_62333981d2_n.jpg	sunflowers	testing
flower_photos\sunflowers\5966729883_67f4fede93.jpg	sunflowers	testing
flower_photos\sunflowers\5967283168_90dd4daf28_n.jpg	sunflowers	testing
flower_photos\sunflowers\5970300143_36b42437de_n.jpg	sunflowers	testing
flower_photos\sunflowers\5970301989_fe3a68aac8_m.jpg	sunflowers	testing
flower_photos\sunflowers\5970868068_fe1c8b282e_n.jpg	sunflowers	testing
flower_photos\sunflowers\5970869550_d7d9fabebd_n.jpg	sunflowers	testing
flower_photos\sunflowers\5973935729_2868f2db1f_n.jpg	sunflowers	testing
flower_photos\sunflowers\5979111025_3bcae48ae6_n.jpg	sunflowers	testing
flower_photos\sunflowers\5979111199_495884b578_n.jpg	sunflowers	testing
